<?xml version="1.0" encoding="UTF-8"?>  
 
 
    
<beans xmlns="http://www.springframework.org/schema/beans"
    xmlns:p="http://www.springframework.org/schema/p"
     xmlns:c="http://www.springframework.org/schema/c"
    xmlns:xsi="http://www.w3.org/2001/XMLSchema-instance"
    xsi:schemaLocation="
        http://www.springframework.org/schema/beans http://www.springframework.org/schema/beans/spring-beans.xsd">

<!--<bean id="obj" class="com.souvik.demoMaven.Setinj">  
<property name="name">  
<value>Souvik</value>  
</property>  
    </bean>
    <bean id="obj1" class="com.souvik.demoMaven.Setinj" p:name="sachin" p:id="s101"></bean> -->
    <bean id="obj2" class="com.souvik.demoMaven.Setinj" >
    <property name="name" value="Raj"/><!-- dependency injection using property tag-->
     <property name="id" value="s202"/><!-- dependency injection using property tag-->
     <property name="add" ref="loc"/><!-- ref tag is use for assigning reference to the corresponding attribute-->
     </bean >
     <!--dependency injection using p namespace -->
     <bean id="loc" class="com.souvik.demoMaven.Address" p:location="west bengal">
     </bean >
 </beans> 



 